date,open,high,low,close,volume
2022-01-01,101.46129804118371,102.30036509247202,101.12463232652712,101.4894016711283,1081610
2022-01-02,99.10413952438495,99.57697948702564,98.97732951192413,99.34740122057352,1110159
2022-01-03,103.9370797137796,105.03299254363222,103.87932476149956,103.98054841962971,1088954
2022-01-04,102.88801404275489,103.76579523598221,103.03025174543995,103.06332898151024,834869
2022-01-05,108.80957881452821,109.03938789876442,108.88608291757022,108.93605868772327,1029872
2022-01-06,107.91611272304351,108.14600063864151,107.65328391162238,107.78922789950187,1072828
2022-01-07,111.38182490601982,111.24746010770632,110.94655558554065,111.01106913724949,1001435
2022-01-08,114.78639475546125,114.70684122812959,114.5727268077178,114.69586037410483,582704
2022-01-09,115.50335892389562,116.15163593548309,114.86670353205278,115.78027827130035,1032097
2022-01-10,116.04015125404331,116.21987179249051,115.36580870843683,115.93705940213175,1442506
2022-01-11,109.29313803124367,110.0158554929142,108.55836614885735,109.0321953152989,927992
2022-01-12,109.73977090611533,109.97864579405244,109.6235099745806,109.87376919829583,854384
2022-01-13,112.27865228666619,112.71293048043209,111.8094072378382,112.30875488891174,1074669
2022-01-14,110.44605937913097,111.15697849793193,109.91528455402427,110.4428149679856,1062475
2022-01-15,108.35373082394653,109.04307352148703,108.04873066507115,108.52409157676131,1238547
2022-01-16,105.34542371638791,105.45752081923827,104.43432267870078,105.20901382613292,748426
2022-01-17,105.56561371572191,106.37470345949488,105.27228076337379,105.59115582533478,1146276
2022-01-18,104.7678421846237,104.86613690724573,104.5598630883392,104.68000886472925,1118084
2022-01-19,103.4549608039715,103.80114324070328,102.78934643695587,103.63891826251921,971570
2022-01-20,99.57103918566422,99.6585849134938,99.46266694471461,99.65823182708084,1067737
2022-01-21,104.10726126099345,104.60701157409082,103.43906522366656,103.9570679651685,1205891
2022-01-22,102.95243636837122,103.34067565641129,102.78894844443803,103.02926181725324,1174463
2022-01-23,104.73271146087491,104.8326726587986,104.03797588591752,104.3722173679399,771396
2022-01-24,106.12206294392449,106.44702690531565,106.10578745523641,106.20695122567166,1164031
2022-01-25,101.41601043892089,101.60869959013762,101.20620860568637,101.37045765196714,987062
2022-01-26,109.62878713963859,109.57015842846198,108.79676133993188,109.42469021389053,1014574
2022-01-27,102.75278751452613,103.27010793037952,103.00119670788695,103.04509878866321,1014639
2022-01-28,103.18565718972926,103.58456209568496,102.00165636595473,103.5503218280458,969951
2022-01-29,100.27356865703993,101.63642615267361,100.48648060061849,100.58047111880963,1238341
2022-01-30,103.80549875924656,103.6719228460936,102.69990378597194,103.54403265996413,983256
2022-01-31,99.98401563926735,100.27383093693146,99.49092452052896,100.0944915603204,776090
2022-02-01,106.10155959027296,105.90324236970169,105.15114376570939,105.56146506124541,921294
2022-02-02,110.88872336711414,111.42708078092463,110.75496706841612,111.01400213535858,1035738
2022-02-03,103.64878088673623,103.70442163752155,102.82257659988603,103.61053796712267,1245842
2022-02-04,108.5276258352552,108.54522306831277,107.6805969092659,108.19393195669944,1120618
2022-02-05,102.57078827319594,102.83582780826168,101.26833878169579,102.16089976426588,829892
2022-02-06,104.67847699017095,104.98861757112876,103.76276042066391,104.2486590232988,1497037
2022-02-07,104.49437149072683,104.55539349293078,104.11914988107435,104.2424453891215,1052955
2022-02-08,97.25004206984526,97.95701928863224,96.50020205308914,97.05126893464842,1255078
2022-02-09,102.63666699107807,103.03160821746502,101.94812157802832,102.51518097621678,969657
2022-02-10,102.22969913251063,102.42020683320975,101.650009138183,102.07080325198181,1106671
2022-02-11,99.96838835032243,100.47433622297386,99.77417788474521,100.07871226373908,1167893
2022-02-12,102.31508170250116,103.49229292488705,102.21172876009265,102.48278430187277,1243638
2022-02-13,102.76554898831034,103.22488692175884,102.22335025401377,102.76624254892788,1211473
2022-02-14,99.22698030083775,99.86187487763749,98.65374480445341,99.26076561269242,1174439
2022-02-15,93.65862930162294,94.08612607307356,93.62227404126088,93.74360376296373,936982
2022-02-16,94.76632738405189,94.64127642132652,94.46772709918955,94.6345227965088,885650
2022-02-17,98.00302252183803,98.28268732762326,97.53718616884522,97.81613399725842,1066521
2022-02-18,99.00550516572,99.18946128178077,98.08691330115221,98.98800272351792,1186625
2022-02-19,97.21817891965732,97.26437000737714,96.80085414897009,96.93173979693933,955455
2022-02-20,96.63518836791077,96.90763079433904,95.93027787706103,96.85634804430458,1213034
2022-02-21,93.25728132997337,93.56602505027381,93.26140011188501,93.29341563482576,1290523
2022-02-22,95.18069571196212,96.25929227984307,94.66522611935041,95.31734691558158,816735
2022-02-23,96.71709809108772,97.83878197633513,96.11488415376684,97.07950298526622,832615
2022-02-24,99.1270259517726,99.94510037510611,98.69164235606402,99.14342044377076,971924
2022-02-25,102.10841046718306,102.18657048239253,102.07927450420193,102.13327941176586,1061522
2022-02-26,100.2895766407059,100.43625953677837,99.35515553294358,99.98692626493943,895086
2022-02-27,98.79224608708559,99.32405988745178,98.25024400166623,98.66776452957727,1270440
2022-02-28,98.12351086662565,98.41789326935262,98.05772921159635,98.32491703568807,1084813
2022-03-01,97.45776882841287,97.54516312250138,97.00070685410384,97.09771253437678,1007889
2022-03-02,100.58479167692701,100.40374647024144,100.20729668095973,100.33975523264735,712818
2022-03-03,99.63997751722086,100.2760937658075,98.89096274188617,99.52411200314728,736836
2022-03-04,97.37044036279497,98.12139431385363,97.0577890615292,97.41456606321432,1056201
2022-03-05,91.88536848553048,92.06758898727752,91.92912189787735,92.06202432222435,573480
2022-03-06,93.92113494747352,94.57967240586989,93.21337971947327,93.99110319847524,1202527
2022-03-07,101.03914944793988,101.00292114663378,100.33565752513624,100.81961501456743,968369
2022-03-08,98.83886459651296,98.90437166096524,98.4073084064972,98.46772275276014,1648618
2022-03-09,102.17767284161543,102.07757403508766,101.81571708911069,101.86327316744686,1461583
2022-03-10,101.10716773809897,102.52392870076761,100.63419919042714,101.20611684149736,963710
2022-03-11,99.61791399822451,99.94079891664073,98.63755565370184,99.84148252702988,978732
2022-03-12,102.3334691716394,102.52804444446897,101.52897177853939,102.30464253738202,1199116
2022-03-13,101.97448148153615,102.54330345054437,102.02833982908693,102.33643303495676,1340634
2022-03-14,103.49709254653992,104.06932817210757,103.3929879668767,103.43024191682423,672394
2022-03-15,105.24013803844495,105.83497025457002,105.15951716543306,105.27121464553392,642724
2022-03-16,99.9296092001399,100.36302351287613,99.546769858432,100.02283778699827,875593
2022-03-17,101.46442304723821,102.39599088237549,101.74963638115423,101.78906973066566,1116547
2022-03-18,103.03011581694531,103.83969208695511,102.79174674246737,102.92439185968978,1099374
2022-03-19,100.65639637820732,100.92479683069975,100.13812798446375,100.76375024693536,1213954
2022-03-20,104.09474241718118,104.60190582673273,104.16454007504177,104.33887803725098,760060
2022-03-21,95.36504752723012,95.95513621906919,95.84158039403304,95.91603955937818,536771
2022-03-22,96.70713596704772,96.88058127186807,95.78991424334511,96.71245803524783,1171602
2022-03-23,97.12056888192066,97.01330449096717,96.36121085381336,96.77754058029029,834360
2022-03-24,103.68454358169583,103.69033295843404,103.12747813028336,103.34119057153721,596302
2022-03-25,99.5361241339366,99.64421512571829,98.6868773734442,99.62720257664049,1029012
2022-03-26,99.34717987615727,100.00770565839959,99.19018701306642,99.46698030645389,1158635
2022-03-27,93.51192617675906,93.9315487894135,92.80050393286956,93.42433632923498,975588
2022-03-28,98.27270690811314,98.8038147456557,98.23002926084003,98.46932759386588,908430
2022-03-29,100.2437498760516,100.75873064815791,99.40821092014234,100.18328087072335,968127
2022-03-30,97.50806335131703,97.68325113462372,96.8318458770634,97.35889389424159,925883
2022-03-31,100.38588207012484,100.37177132302766,99.90425904218344,100.14015151225445,730390
2022-04-01,97.03522981397525,97.89215867418204,97.00923150849273,97.05467065579045,857063
2022-04-02,102.60259546911325,102.992148523009,101.96397935571956,102.6444074118978,1104255
2022-04-03,102.58715136133812,103.38118653485188,102.10621409810791,102.76760770142708,1064335
2022-04-04,96.5522841352751,97.18667650796452,96.03663098223193,96.71222300967956,1033611
2022-04-05,95.5571920160184,95.82248139116062,95.3215330819516,95.60049500436605,800970
2022-04-06,96.14342821986025,96.29479803690892,95.57404049557002,96.07284052435925,963699
2022-04-07,96.91849018610884,97.1206594303474,96.00680586387982,96.74172667769284,564586
2022-04-08,92.99699638822702,93.26377319158892,91.82759455065448,93.14662320239324,1035695
2022-04-09,93.46179811637487,93.46200068221772,92.97340684243781,93.18360989775732,1285771
2022-04-10,92.76273582535224,93.47313597043573,92.55701967997602,92.81306344932459,705173
2022-04-11,87.9133862679736,88.68153882618377,87.38952544926278,87.91714337093497,882814
2022-04-12,87.57423539729608,88.13455946843735,87.50219571171884,87.70530425261762,1065821
2022-04-13,86.30913621371171,86.76664125963296,86.55122878512812,86.7296431993175,1250568
2022-04-14,85.57144185467813,85.76562276275186,84.92757743902283,85.42041081280946,910355
2022-04-15,86.35197001663815,86.58292636734308,85.41880996304702,86.22490143184325,861549
2022-04-16,87.31087014904111,87.58825793629553,87.19031779249792,87.36002371316314,606215
2022-04-17,93.41213014168021,93.59500749362239,93.31068873581508,93.39961632710765,1020687
2022-04-18,89.0893267610976,89.62118596711692,88.79759546997721,88.9974921681239,1408415
2022-04-19,92.70799392386564,93.30107796563523,92.76156654776725,92.99862315046546,1055471
2022-04-20,90.45312958985258,91.22945154763599,90.53334692253439,90.54893990803102,995544
2022-04-21,87.04332444709421,87.36237184348168,85.82402903148058,86.90527286966766,1064416
2022-04-22,87.78744158859712,88.44740482245949,87.71856079439446,88.00821714041953,997781
2022-04-23,84.96157246248026,85.07473774952096,84.71917842209504,84.91171944492632,837397
2022-04-24,92.1525863901322,92.51888825151137,91.94945562777069,92.40329163838007,1164655
2022-04-25,91.62777859065581,92.45582314919356,91.51538458622514,91.54238236705703,1045152
2022-04-26,92.66885441179066,94.11652626629525,92.46839001917496,92.67546059336696,1003522
2022-04-27,91.87300775138723,92.45035412965512,92.01287847946952,92.17074355220089,804926
2022-04-28,93.85183283712136,93.71948199139428,93.55390931054497,93.63371509137944,1260701
2022-04-29,90.19372967018089,90.56783569847794,89.8916347419031,90.32643574790609,1132940
2022-04-30,91.82728133309574,92.38454586254375,91.88131268760195,91.97632942322134,889415
2022-05-01,93.38115625744024,93.4933740437278,93.05891329695378,93.34371251047067,1200364
2022-05-02,91.86980735816542,92.48197945384014,91.58730079089878,91.6592409031222,900485
2022-05-03,94.08195704609498,94.38193504037686,93.99701543594583,94.27348717654522,843599
2022-05-04,94.90968067825197,95.13414814653314,94.79158568003845,94.89797409266615,848059
2022-05-05,96.63467355240951,96.87334863527492,96.20688293553563,96.55186748457928,645786
2022-05-06,97.30615875423068,97.37628951797744,96.17547966830149,97.17145858860329,1094308
2022-05-07,94.78075732816897,95.14475942944748,94.19822677651557,94.7473225982538,633771
2022-05-08,96.09631031389445,96.46369880852508,96.00521929168508,96.16690217448733,754311
2022-05-09,94.31775141175567,94.73784847581057,94.27313419085039,94.47412313257342,584882
2022-05-10,95.80875015776901,96.31917755204567,95.21881146452837,95.79224632564056,982786
2022-05-11,91.75201174302894,92.15123522196193,91.3185550078336,91.9491763411796,969935
2022-05-12,88.50686803252535,89.37375832834414,88.71122921132759,89.0270263253245,934660
2022-05-13,92.65282277566875,92.78388109094804,92.43843870636655,92.57199635047425,791484
2022-05-14,94.29266945265388,94.91054536276712,93.75366398743972,94.12250822362637,765553
2022-05-15,87.6422370964618,88.0608530263417,87.29451054364439,88.05838914432317,1092873
2022-05-16,91.49192529683033,91.98360494529844,91.28433184024233,91.677063588877,889889
2022-05-17,91.61493268969458,92.00108747046959,91.24745828045079,91.5016254471256,1063271
2022-05-18,91.4839966261714,91.28542506848896,91.01597508596193,91.10908357277029,822950
2022-05-19,93.52864932459767,93.85000988035304,92.9626061427834,93.5247598715633,1036212
2022-05-20,93.52085976237488,94.05484797140872,93.47193344554218,93.65722523324922,1260655
2022-05-21,90.34021694374202,90.50610862320424,90.229828390276,90.3732748444221,1117233
2022-05-22,92.2821765422541,92.06206529092228,91.87595496132226,92.02911921049913,917517
2022-05-23,87.92163730469743,88.70350560421357,87.99426596457424,88.03537269921657,1051439
2022-05-24,89.66344679078071,89.96731144686339,89.56930422624255,89.80699285243864,951866
2022-05-25,91.75833017979149,92.25590241986787,91.15150944785113,91.84700727537948,1001576
2022-05-26,96.91088290720636,97.37526228356731,96.93988462756062,97.09601171864477,934877
2022-05-27,90.60437337722044,90.80890678242615,89.78732184255715,90.58214989531815,967132
2022-05-28,89.861929798247,89.59317339847043,89.56264078165562,89.57088203315622,1042418
2022-05-29,90.53852891576587,90.48325982409807,90.37815488962575,90.48006444885861,801328
2022-05-30,93.53425688818321,93.89045729505352,93.25735798931154,93.5814881207061,796824
2022-05-31,96.8302647257586,97.22534633375788,96.27190313816445,96.88681005172334,722291
2022-06-01,91.96690665222995,92.4495170201776,91.47000175105609,92.25533202638375,679945
2022-06-02,91.48093124181055,91.5442956288014,91.2272577417335,91.31964070670325,756543
2022-06-03,94.96231165607979,95.22690346992918,94.20215200186148,94.9770971581262,1031892
2022-06-04,95.2250594632182,96.28507554539438,94.91030271674819,95.25944429576857,821442
2022-06-05,96.96340625283526,96.8766494483889,95.47227239786042,96.34810651670324,1102722
2022-06-06,98.21645628483991,98.39281459612211,97.77736860988172,98.15780642454365,1006942
2022-06-07,97.50491984397819,98.0730050674913,97.38172060976507,97.65174726321547,606299
2022-06-08,97.42648395776745,97.84773626946064,97.39553371029639,97.50963190229695,1130995
2022-06-09,100.49368851704129,100.45991697649933,100.13880277264288,100.26339438689502,1162159
2022-06-10,98.15823912451334,98.65609693651935,97.5469303947632,98.13600731283962,801227
2022-06-11,99.26011638925515,99.85357118608096,99.47660572691723,99.54646737293872,1084038
2022-06-12,103.6437907677084,103.80718421256354,102.43609352156822,103.45359569061908,828700
2022-06-13,102.29152726211996,103.12796442043793,101.85624300777883,102.42840112292295,1019534
2022-06-14,105.68503780592089,105.92858795896917,105.19271766105062,105.29055667457051,747100
2022-06-15,105.30747093650446,105.21774864831683,104.91761276250712,105.0804869830836,641378
2022-06-16,105.38804830628033,105.67717872305528,105.45257204312837,105.48241749618646,923436
2022-06-17,110.69942287919937,110.49569439726261,109.74355947395318,110.4165321107196,975254
2022-06-18,112.74378304387811,113.72964607614882,111.6287607644973,112.7284845461384,920464
2022-06-19,107.44161476880429,107.4778378170319,107.1816747486448,107.25868001132025,763193
2022-06-20,108.64143570756761,109.09483400771278,107.54963067095642,108.53621357839495,920020
2022-06-21,105.57800843248909,106.47229668045023,105.35530019571303,105.7570247559175,1053858
2022-06-22,106.85506954583889,107.80718712381649,106.94224791476073,106.9927799169884,991021
2022-06-23,111.10023845084196,111.48868022528453,110.6392364542309,110.87185112597707,1036500
2022-06-24,109.50261994138464,109.92074740203131,109.10268247736829,109.57598661600518,865976
2022-06-25,111.32767840773899,112.27204701249536,110.70485079130181,111.41762551437289,1234343
2022-06-26,108.59460023287825,109.09392209783086,108.23572864228441,108.80243956631442,764765
2022-06-27,117.07726178991024,117.97677605856094,116.63684842424902,116.97815811296725,1097512
2022-06-28,117.20649986007251,117.37663499890127,116.64941389823021,116.72500340363503,1236378
2022-06-29,126.16138970193671,127.21255543896108,126.06476827615384,126.43132891194954,1096181
2022-06-30,122.20031138527416,122.28964183735145,121.76250088242524,122.19439242168835,959495
2022-07-01,122.62862188481223,122.618471809913,121.76013948413542,122.28324007438054,894340
2022-07-02,120.70093281981279,120.81674859334333,119.72453346356856,120.72016146303343,1207217
2022-07-03,125.54912662062534,125.75034672157015,124.7641759280999,125.43563952948998,715405
2022-07-04,121.17547252538068,122.11194104471281,120.99050195770191,121.43349283916588,805975
2022-07-05,124.40191301322716,125.19564901918262,124.07082715325042,124.29543977521462,920488
2022-07-06,126.53643898862383,126.81152230338454,125.76536389152348,126.58381785973349,1247530
2022-07-07,126.1435968407079,126.73011561160266,125.53509256496206,125.89539909828935,1075953
2022-07-08,123.42448914229323,123.386632640648,122.85465984316654,123.13207851723016,806390
2022-07-09,122.8223655494137,122.34854818298143,121.04717051611675,122.18953041859905,937938
2022-07-10,124.07550552108184,124.52903757851429,123.21192549368027,123.93183551491846,877135
2022-07-11,121.0814594416409,121.58170384749327,120.83131229448209,121.00261502909433,858042
2022-07-12,124.84255127478967,125.00854865709607,124.60630776253181,124.79403527201492,1195777
2022-07-13,120.66351156548829,120.77817394330835,120.01858593268726,120.74880037786987,725651
2022-07-14,126.33006169365969,126.2653003975794,125.99906586310493,126.24459818004317,1321756
2022-07-15,120.68569751570867,121.2150093777625,120.60520507149621,120.75704111616852,1165645
2022-07-16,121.92479834984059,122.02414354023806,121.76534180941614,121.88373304452044,1218172
2022-07-17,125.3067489172362,125.55495038356774,124.50512474744,124.97740906485515,907412
2022-07-18,128.26812187543007,129.09892940203778,127.8529222245447,128.52685738090108,970011
2022-07-19,122.91758473993198,123.27280442520221,121.6229207994989,122.63799988623185,713369
2022-07-20,122.91558051247968,123.72428852735953,122.29623787480952,122.59264327726865,895067
2022-07-21,130.23045477208137,130.86661033810347,129.86250624164052,130.26121427146757,1098730
2022-07-22,123.90517974373103,125.36432820336795,124.12762549387212,124.43323829628798,1259212
2022-07-23,124.785729021667,125.34367085252406,124.71395200009867,124.93760867279964,778568
2022-07-24,129.81958260449187,129.53772257703693,129.3934549615685,129.48370329041947,926898
2022-07-25,125.61536610228953,126.53164174417624,125.15653126978489,125.62111152509836,969740
2022-07-26,125.46130977664586,126.29200624208909,124.51240925583804,125.7125594592361,720842
2022-07-27,131.46649257012803,132.25994935314816,130.73191003533108,131.59934867184705,1118269
2022-07-28,132.04312107263274,131.95810893991478,131.77359321342522,131.8214974912029,855201
2022-07-29,137.84824368768076,137.74541857463007,137.41436755635127,137.6976758044296,960921
2022-07-30,137.1122423799716,137.6728265666115,137.11659001442695,137.1777947368835,909610
2022-07-31,145.8116036553609,146.0476640269,145.89124541596402,145.918656706199,842132
2022-08-01,147.45533150922705,147.97432627107048,146.293580603392,147.57095575818795,998591
2022-08-02,146.75814068428622,147.2290899027419,145.93038425612298,147.02938348578186,956878
2022-08-03,152.94543059519475,153.72850626425497,152.42139213924986,152.45289320026478,925628
2022-08-04,145.5823710861544,146.652646877401,145.3536054680527,145.67627997998662,854307
2022-08-05,143.47132943779255,144.05292219326992,142.44197994551226,143.12292286760504,1063904
2022-08-06,145.85507472368027,146.01590546110447,144.67018793264478,145.41263756432232,1330723
2022-08-07,146.9299418664963,147.232067354613,146.29002003091867,146.63716291088144,1027977
2022-08-08,147.8008531153184,148.77785567289374,147.73059225635606,147.92855105024688,1199223
2022-08-09,151.49580535848986,151.99328372690147,150.7326836158168,151.37357722247665,721955
2022-08-10,149.6667615393029,150.82494658986985,148.08205121404433,149.67400444589998,1031552
2022-08-11,146.21758900563026,147.3045066948176,146.40976390945093,146.4823417352107,780526
2022-08-12,151.59912506977318,152.19585591733454,151.0442044704785,151.50084366011356,704615
2022-08-13,145.93908241420274,147.02836991471753,145.9678659667276,146.28403180281634,852125
2022-08-14,152.59971043311327,152.44474998731476,151.88029720169777,152.23809034902072,1238379
2022-08-15,150.11845837710683,150.67240222705973,149.7264508327548,150.2580833863072,1190003
2022-08-16,148.66889443504522,148.86217941677106,148.0799285149588,148.60910612175115,1048600
2022-08-17,147.75298454782694,147.95778769615566,147.5876092959667,147.669318693856,693459
2022-08-18,148.76903894618232,149.83331404523676,148.17880439291076,148.8461129440978,960743
2022-08-19,148.2662142878178,148.8679436458538,147.46898733118,148.09244444941024,1060340
2022-08-20,150.5413724131127,151.5656890260903,150.40632464691984,150.6844936471714,1035107
2022-08-21,147.83352013589783,147.74561762710937,145.43134076027826,147.5763543784208,631241
2022-08-22,147.4780039890028,147.90822639242427,147.5989443049152,147.8760803877958,821936
2022-08-23,149.96614951472992,151.07603514638424,149.14971846773966,149.9282537753814,987184
2022-08-24,156.52525224241154,156.3215288285786,154.64886660568519,155.92061424140428,1107258
2022-08-25,145.29570590131388,146.00339689318582,144.68621031363608,145.586976327063,560774
2022-08-26,153.14699322947212,153.40255068014707,153.2709725986092,153.35486420531348,967575
2022-08-27,146.7880974913873,147.46174245046515,145.66323923015335,146.63738128879183,1028609
2022-08-28,144.3068147443335,144.4959651639257,144.02911146610285,144.25500360313202,1169922
2022-08-29,147.4327247613818,147.7453237966363,146.8826295838884,147.32940851111744,1138571
2022-08-30,144.88877170307387,145.48512237200183,144.41720063696394,144.74715481255427,1116514
2022-08-31,150.4429798283516,150.26993699696325,149.90734643479865,150.25224317946046,840011
2022-09-01,147.8768568031076,147.67801506130425,147.03694645399352,147.54938574302804,618399
2022-09-02,145.8981372922474,145.94287709520336,144.93724450321048,145.77865166977512,921389
2022-09-03,140.8025876859844,141.1308372145428,139.636654363578,140.87055988775103,1200326
2022-09-04,144.30284397948174,144.2037280565732,143.8280385680511,144.1089961376639,1278690
2022-09-05,137.6157058328848,137.66101181665098,136.98643650791712,137.0947780485191,1142109
2022-09-06,142.85006807969523,143.20001339333328,142.81893981258,142.88797161367148,1085868
2022-09-07,150.27761531153757,151.78060748886043,150.25792422246312,150.57108718533402,1075927
2022-09-08,148.34587268182528,149.31298739328923,147.31819879803103,148.01813664625539,888776
2022-09-09,148.70840549428812,149.7716340280794,148.29185197921308,148.74421749835574,973987
2022-09-10,148.0717604490458,149.67890410343293,147.73858448495855,148.71799054705778,1333813
2022-09-11,153.73864201008112,154.0077966262693,152.88300188217445,153.47851996049812,811488
2022-09-12,150.31607989938541,150.85562040960292,149.72313526070673,150.47718926089436,1322955
2022-09-13,145.92591959031785,146.14462956731694,145.40324823724455,145.9523466803278,935594
2022-09-14,156.50415790249954,156.63039797763327,155.25328592272862,156.40031424645028,1265086
2022-09-15,152.9957920203078,153.11677166369202,152.55410691035974,152.9375229220221,718636
2022-09-16,150.60782019257067,150.98379492940697,149.66101721444522,150.39442499636817,1117180
2022-09-17,152.42858725576787,153.08821390229994,152.16813925177158,152.56146413237553,852645
2022-09-18,151.27041436170128,151.80759130453873,150.37606510833766,151.1153380494083,716946
2022-09-19,144.01711417966615,144.6912055927401,143.71572874621225,144.09191133337274,1043706
2022-09-20,143.09741873402245,142.93428124340608,142.09779054210892,142.8862869612583,1201894
2022-09-21,139.6382416022453,139.96571822993815,139.2359249524705,139.46659518667752,831011
2022-09-22,137.6564241345256,138.3847693147044,137.37644150365307,137.9144451536611,700196
2022-09-23,137.59991062917373,138.32270335525317,136.38824529926478,137.301696255865,981631
2022-09-24,146.0984158443013,146.6793697032755,145.38000795741576,146.25519071606527,982512
2022-09-25,140.14928506225834,140.0906442351311,139.2979080792945,139.9231530722581,1109663
2022-09-26,135.63663040530304,135.87569758858132,134.93192656545781,135.53706831392842,1189918
2022-09-27,139.2747067916262,139.09204323417222,137.49512511669914,138.76455730332086,988116
2022-09-28,143.75413257827483,143.87302845182458,143.52380725167532,143.8184096226538,1371100
2022-09-29,139.290212877415,139.90519730875153,138.89114937380575,139.38759373273768,1044846
2022-09-30,139.1680180313553,139.50900460584108,137.58569693173217,139.17342341742093,930714
2022-10-01,136.97243691991687,137.90368432840222,136.63228578521733,137.05554185875081,677686
2022-10-02,138.84384883949068,139.22449069782914,137.55811735498705,138.62206963542005,947468
2022-10-03,138.09518306859917,139.15768009078872,137.2407287110331,138.54304023992887,932722
2022-10-04,139.85388502269913,140.68410038442218,139.64980037098218,140.14923058334423,1192060
2022-10-05,137.74636332511113,138.0673497583311,136.74140360187,138.041164843347,1092496
2022-10-06,139.40153054152108,139.61246650511944,138.87806754847463,139.13708448609668,764126
2022-10-07,134.34441841572234,134.02648414040974,133.593611450354,133.8863628104625,1034450
2022-10-08,138.9319312037141,139.70647022857074,138.83229907928998,138.96095993105814,1134306
2022-10-09,137.04544686436856,138.71207189815627,136.80011011737238,137.09173499024087,1305606
2022-10-10,145.37429127711522,145.92515734350624,145.19237304629064,145.35392656316972,1177500
2022-10-11,135.35297192792913,135.97164936660081,134.17568884207793,135.0391737559508,1152169
2022-10-12,145.66328689999867,146.15563875564376,145.23907505197582,145.9339515146425,1012017
2022-10-13,137.58972690174238,138.02032531277354,137.05864795969248,137.52416391163624,1077662
2022-10-14,135.01595575667417,134.90868372005608,134.23254247476373,134.753133883137,1249900
2022-10-15,136.3722961557986,137.2256926345583,135.67025319181403,136.23576226338363,733444
2022-10-16,137.16087611926756,138.0265632426232,136.49162621676274,137.1088894694362,930112
2022-10-17,138.05207612700545,138.25357399941723,137.46539477373761,137.77623540280828,845486
2022-10-18,136.75631142308313,137.91622707601792,136.68604856164956,137.49969867455258,1075830
2022-10-19,133.60519643480058,134.57134036861882,132.63840991831944,133.42430634620533,1246044
2022-10-20,133.4433383338269,134.94931196268683,132.50427422520903,133.61813107454847,880605
2022-10-21,140.5581122061396,141.61540284990298,140.00017232264162,141.07462390098922,521939
2022-10-22,140.73520928099228,140.97778305531577,140.07435695152105,140.59146783333742,917555
2022-10-23,135.9671731984533,136.17742929517541,134.386639682374,135.59465169449624,1182694
2022-10-24,136.20621504673477,136.50738852499376,135.11514591457222,136.24366802633006,1107525
2022-10-25,137.27174816406708,137.04174936068623,136.65136538580296,137.01064026046672,1085637
2022-10-26,140.39216932051522,139.95868630380454,139.4264266880687,139.94092190892195,944001
2022-10-27,136.9558334562514,137.9077119541861,136.10384960764318,136.59660774857312,744193
2022-10-28,137.48606568187185,137.0460767586664,136.3170568125294,137.03659537060463,1103058
2022-10-29,132.226956246973,132.48631579370783,131.53092442724216,132.03098859435445,833143
2022-10-30,139.18069592063986,139.50281539861456,138.20608427340045,139.15970127532856,1436819
2022-10-31,140.6122744718741,142.0824588525188,140.5738933091258,141.06423463420495,1114101
2022-11-01,137.80032087109603,138.734330766373,137.67256806984878,137.86816924061057,883870
2022-11-02,143.5994670750546,144.42692125148764,143.13156706181388,143.84205572255726,877722
2022-11-03,139.1418138313533,138.73352579694034,137.95367289096626,138.5402877737085,981411
2022-11-04,136.6904551067315,136.9298258578281,135.8842004283347,136.73855585070473,952099
2022-11-05,142.66701867177036,143.19553392584916,142.0760727671225,142.63187280710935,1223366
2022-11-06,144.76292150038617,144.84929106319274,144.57521636715424,144.60342814848775,1037283
2022-11-07,146.0304687305101,146.43433335741392,145.71262424246572,146.01773526956705,853673
2022-11-08,142.69241803502672,142.89873977155398,140.7698567313559,142.21031056525948,1378088
2022-11-09,148.20853096212122,148.63914474316257,147.59878822543163,148.3933249802905,1009861
2022-11-10,146.92323718101932,147.31565874486452,145.46246162258072,146.86607471489742,1153767
2022-11-11,148.95622337203,149.98714508007066,148.2226661813157,149.17774354527634,878354
2022-11-12,152.098396852026,153.130386057294,152.3565270577035,152.50100637482316,1072623
2022-11-13,153.1312809322839,155.57963158653095,152.54657155667334,153.3188724266901,1062221
2022-11-14,146.09625943771613,147.01636462295556,145.19031666790613,146.10708211441136,622070
2022-11-15,156.0080003663178,157.1968623427911,155.99785926323452,156.14206463769716,1403055
2022-11-16,155.534246967474,156.77979972481504,155.0195345893248,155.74993601409435,1258128
2022-11-17,149.61279064597596,150.39626707073765,150.02540705368546,150.0347837189804,920560
2022-11-18,154.5011060621792,154.9496254994096,152.3105645518849,154.5267901369408,779546
2022-11-19,152.91476086361507,153.79726682744342,152.09671964612184,153.37633786457323,1069512
2022-11-20,157.32481506633812,157.28627668648858,156.25446943279985,157.08602672349116,1017339
2022-11-21,152.80681215516637,152.87745712328902,152.64961694862063,152.7816215968916,1071133
2022-11-22,149.80420916882986,150.4884872734819,149.66230576350387,150.24218060006285,1038315
2022-11-23,154.67506844777984,154.83725014733986,154.4292742450195,154.77078150878907,1101248
2022-11-24,160.12457551284578,162.1453154387418,159.77794990559877,160.3658158641257,1289461
2022-11-25,160.02994834075147,160.11161536290808,159.74474403553486,159.92785854884204,1113620
2022-11-26,158.98571635358243,159.2356287237859,157.0876808839466,158.56063101644702,790068
2022-11-27,161.87183251975782,162.62353584169693,161.99111117184907,162.48119303980468,1272512
2022-11-28,149.52286872780937,151.7197877130139,149.26562230338732,149.48847858067168,1328122
2022-11-29,162.58497477522874,162.93589252172154,162.11771276329614,162.6370618299759,1630411
2022-11-30,152.66280012343526,152.69709835912744,151.65150412683798,152.45809766155608,775301
2022-12-01,159.145004128377,159.81036258664375,158.7847750661186,159.0771746938284,1048576
2022-12-02,156.4643118640977,157.07816493011083,156.5839509762355,156.6999790211137,583580
2022-12-03,154.7775774953043,155.20171897158085,154.19412186439803,154.87640534864107,1110629
2022-12-04,162.1416161884248,162.89292883475508,161.82184180045718,162.40016565043862,890359
2022-12-05,158.76072599004095,160.04879045484643,157.47979297789811,158.4198043093764,1384689
2022-12-06,160.2819766393228,161.18141172494748,159.12410085573947,160.2751451841528,845077
2022-12-07,158.37235956558612,158.14607900863984,157.5846122134899,157.7724485462968,662163
2022-12-08,160.30564297629522,161.06770458578808,160.2882169037742,160.32509387763426,905747
2022-12-09,159.72911762326237,160.40003228397168,159.23225375586912,159.95574508771506,604902
2022-12-10,154.56308114693968,155.74456180560944,154.12335406831812,155.03243079055852,1150219
2022-12-11,161.17689095510264,162.09781036874634,161.22205364416985,161.7602435815882,586983
2022-12-12,157.423339865674,158.156693470481,156.3908639819891,157.92368503711234,1005691
2022-12-13,152.2367968232322,152.89788668059873,151.48729877441858,152.15550724106768,584437
2022-12-14,153.5103091458085,154.0585234221248,153.0644331839649,153.35427882769042,935940
2022-12-15,157.81021370278276,159.29690590268572,158.12765099328027,158.31085300037267,1328675
2022-12-16,156.62690483713587,156.3899755958239,155.84164806871743,156.34703166986267,1072129
2022-12-17,153.59483204485662,154.28883288967708,153.57757956622393,153.74336690987428,827301
2022-12-18,157.1883619903575,158.13104855187618,156.45633197847818,157.14222722866748,993759
2022-12-19,159.9241407964219,159.5831057729619,158.70760573599173,159.4101321894843,1003603
2022-12-20,167.57740438472598,167.53537349017154,166.67421444648562,167.27736255394066,1094526
2022-12-21,162.20048696714804,164.25677590314268,161.54414554875314,162.2876453802702,726628
2022-12-22,160.6307634086628,161.26593463937755,159.8270075222014,160.91758040183632,1118513
2022-12-23,162.59941725086188,164.4270495803121,162.34672949571512,163.30220967054223,459121
2022-12-24,160.46083370255872,161.14573121534326,160.5840561770344,160.69195801251925,874023
2022-12-25,160.17477068383675,161.06077946113209,160.17865995453434,160.24243473086688,902345
2022-12-26,158.98590962706018,160.963874980788,158.8591176707579,159.3004258652214,1126665
2022-12-27,161.20180911775026,162.52279051069848,160.54941510710293,161.24413795076794,1004526
2022-12-28,164.95338500888636,166.47829612227602,164.90326978458367,164.92803494880934,718887
2022-12-29,167.67562672638485,169.32034840456458,165.9457432134296,167.75106638784885,803001
2022-12-30,166.61706270831993,167.158952057926,166.10283492484731,166.83394770146978,1039736
2022-12-31,171.08168978925417,171.76649628408853,169.6887376970196,171.0240017954117,984186
2023-01-01,168.1419465009241,168.4425311736233,166.73063672732664,167.99346022305534,884175
2023-01-02,169.12291640002437,171.7262433973573,169.21278095524536,169.4925454303658,903833
2023-01-03,163.4395463897906,162.98239058172555,162.80715284502128,162.97963988747733,1139233
2023-01-04,173.56084669686447,173.87961623169667,173.0502179512211,173.59507552540407,896461
2023-01-05,170.61554205930503,171.3975547550758,170.36339994455807,170.60911022450765,982381
2023-01-06,173.63086923076128,174.2642544913142,172.1555190350679,173.38528131674346,1433987
2023-01-07,161.63571475970193,161.6295760387547,159.5507015130853,161.56035779648025,715263
2023-01-08,182.5522586267109,183.0480108752304,181.0415793265829,182.20492624654082,629631
2023-01-09,176.925142779285,177.0493914989987,176.52474947334167,176.82360212099107,1156717
2023-01-10,185.93033412135162,186.99173578119058,185.03486896869887,186.15835478950095,864271
2023-01-11,177.44228594572513,177.67589674867233,176.36074643699308,177.314086610968,936352
2023-01-12,185.1358246451419,186.48420390921055,184.00492512782364,185.5602849670513,843768
2023-01-13,180.32372098402854,180.87152681452585,179.43227615977875,180.28457770260567,948039
2023-01-14,186.65295391957503,187.46657512824797,185.58890675630855,186.6653596958877,1319707
2023-01-15,194.99184841672937,195.30188513890133,193.96374734353867,195.07304439460538,1160425
2023-01-16,185.90995469945287,185.9933130542155,185.64297712257533,185.95775979480644,1172444
2023-01-17,186.03878226833308,188.09418289935263,185.86587263777525,186.74162135212543,716754
2023-01-18,185.1071964717941,185.58823176330137,185.1098510342409,185.31056551772838,769769
2023-01-19,183.37235674168906,183.38433483554306,182.39801385539343,183.3383126866555,432184
2023-01-20,181.0630820584276,183.3770984282648,180.0089403230016,181.0052123780606,838123
2023-01-21,182.14513248827504,183.53505822809498,181.5516669830993,182.52027558814882,1191340
2023-01-22,191.5549618466226,192.47009211271418,190.56302547997728,191.07128100954694,1103389
2023-01-23,185.9416449034935,187.19271594851418,185.92749708349484,186.26431984142636,955697
2023-01-24,189.91740407198063,189.81585606225752,187.88071805827113,189.5498830739705,995539
2023-01-25,192.15397075555524,193.6781238959136,191.9896356086263,191.98993671855072,862222
2023-01-26,190.5148907017356,191.1163580888615,189.63416115022602,190.76144120768274,1040951
2023-01-27,193.14921433264558,192.8403401841865,192.0332990519115,192.46584092494697,1153175
2023-01-28,187.6601737375472,188.15920440564395,186.1472183307001,188.10924197678176,676822
2023-01-29,185.76708743186478,186.56062561433123,184.48540180033015,185.42621686959998,1059929
2023-01-30,199.1637943113601,199.85573494702237,198.4067981627325,198.7660307597485,1186486
2023-01-31,187.2337069633285,188.0716957126323,187.09478237014932,187.4851696506683,916979
2023-02-01,190.4643670926248,191.1882689418529,189.88421795880433,189.93541015683107,1140140
2023-02-02,188.83616343435557,189.1223926486707,188.00271008190643,188.93064633358887,1562930
2023-02-03,191.77309622132788,192.42911946252934,190.5873427449365,191.6624327746992,979131
2023-02-04,196.0687792901085,196.02899396278553,193.69349623456654,195.9667504404831,1078661
2023-02-05,192.969957122415,194.21606887294058,192.83251791181468,193.02180615413687,852388
2023-02-06,192.79336651891535,192.92134570058332,191.61115485403863,192.4812357621474,1036250
2023-02-07,197.63231761415312,197.36142590398273,195.79097845587614,197.31917653229908,1092054
2023-02-08,192.56265595996845,193.2944841912904,192.9891687233823,193.23842308240387,1038968
2023-02-09,190.41065886263732,190.72088044000782,188.86701510470868,189.91523070634577,796060
2023-02-10,195.38374391840424,198.23791004397154,195.56981013681477,196.03555901085554,1041272
2023-02-11,195.34693165696876,195.53571753614733,194.9420104762623,194.94435355233216,1292439
2023-02-12,186.0856805668767,185.86343833379098,185.1202536037345,185.66729597464567,1089727
2023-02-13,192.63836024003223,194.21803716904287,192.00533994403116,193.05960333256522,1192397
2023-02-14,194.5286760945063,195.16747693004527,193.8760548494646,194.68863784276274,952597
2023-02-15,192.01698623992164,194.24819849543704,191.56331277416155,192.4425555039939,1149980
2023-02-16,196.69340874440925,197.38772007246294,195.25716418249414,196.7779922020537,1055853
2023-02-17,187.91025123314193,188.6234117189025,186.5314321764683,188.0260881961134,809817
2023-02-18,192.0665291303787,192.908199042258,191.21706100490084,191.7675020249772,1063704
2023-02-19,191.91628810568577,192.0122078036404,190.07514880015526,191.4146634902721,801660
2023-02-20,191.2905077988267,190.93403047513937,189.47792376473257,190.7580320047324,873423
2023-02-21,189.44055291787157,190.2272480893124,188.35861888805778,189.6537875087854,1037865
2023-02-22,188.55637505802395,190.71554648938948,188.49480396495417,188.63530832334752,1059448
2023-02-23,202.25758104719122,203.8511147464813,202.4306803143681,202.94085782885358,762153
2023-02-24,193.22698860108005,194.77261276322312,191.80059435525854,193.5389230506569,1210797
2023-02-25,197.44751836849773,197.70920527109172,196.3715119739284,197.06723707744936,1114401
2023-02-26,196.43206623786304,196.913196815706,195.5618216745774,195.79940592372043,859054
2023-02-27,201.04337330162403,201.74396085097663,200.50663995247322,201.54091690847125,692483
2023-02-28,200.42616145844187,200.67047684012726,199.42985010832774,200.6639338762873,971019
2023-03-01,214.22401157285447,214.87674022000758,213.2019557594563,214.2353256647375,910811
2023-03-02,214.5294298338902,215.12578357615084,212.66349757726184,214.4092915227408,1022628
2023-03-03,205.0301610127779,206.11654523472475,205.07067574211302,205.3626857192156,927376
2023-03-04,219.2114124632546,219.11544762078765,217.28376059244428,219.0256519697771,598508
2023-03-05,215.62636209295624,216.32437664624527,215.0982286804916,215.83090043883956,922330
2023-03-06,206.76298020242865,208.27405107829625,206.6273246922062,206.7689567643734,938876
2023-03-07,195.63951221783637,196.11439039230797,194.91847816514453,195.42599593138087,1126732
2023-03-08,210.81450777307302,211.64351229536425,210.4524629762804,210.81179999255525,860360
2023-03-09,195.21751269048366,195.46993546320823,194.96960206067882,195.3880418597741,1335734
2023-03-10,195.63482273012914,197.05769626522843,195.6022300870036,195.6777191229806,617671
2023-03-11,209.42111998904835,209.88727742921316,208.83624351528093,209.45813667062006,1262233
2023-03-12,215.1790026315393,216.26548404894726,215.16002378713816,215.33835776659998,955136
2023-03-13,214.14153357647191,215.75580607057807,214.16825234914472,214.25242894652837,1171916
2023-03-14,208.60026520432683,208.66102851735212,205.72223817317382,207.93543441657138,1015960
2023-03-15,204.7320802495805,204.95567961669335,204.03417821614462,204.50266120992373,1227911
2023-03-16,205.19403257620775,205.80760224559936,204.3096067668748,205.31536587541802,922527
2023-03-17,205.87411932189468,205.89241022341494,204.4019951163435,205.5875490262818,780275
2023-03-18,203.31992094938747,203.92694400597244,201.73925634427596,203.4557559426609,1284100
2023-03-19,198.92536237910724,198.6554992351939,196.6796493184149,198.4597263899138,977303
2023-03-20,197.6257606542357,197.78715276769745,196.14139966118535,197.47976694629813,1044311
2023-03-21,191.9906378442556,193.6640784891974,191.3510756761086,192.0318487024213,1246950
2023-03-22,195.23364375958423,196.10405192333437,193.15397765628555,195.05898134462564,793608
2023-03-23,189.4794101347291,190.25776048904345,189.57679661836343,190.07658367946658,1119098
2023-03-24,193.87813755854543,195.23059423490184,194.1433370537706,194.316035533599,882021
2023-03-25,189.22956921962924,190.66176117586056,189.30268102769858,189.68250258585644,973566
2023-03-26,187.05708780450848,187.37569505664712,186.88107772507243,187.00362605042912,1014455
2023-03-27,192.28134003547697,193.3508527775831,191.54318249998937,191.61738006522688,699955
2023-03-28,198.91762006662776,198.24977640934185,196.8503307693023,198.03387404242383,844232
2023-03-29,194.27266625632234,194.84738160004758,192.6174888377582,194.02507043652403,1270214
2023-03-30,185.5347998607317,185.95345824359808,183.67432598008745,185.34913767764857,1177238
2023-03-31,185.68967193891453,187.3762909812413,184.79305616046153,186.36096565599232,987472
2023-04-01,191.6982009076859,192.6594906530257,190.9238975087734,191.90648615175306,1048624
2023-04-02,183.9882098114036,184.61993659295717,184.02073788614203,184.27855311133615,941151
2023-04-03,184.66169712479513,186.19066113027498,183.99960261677705,184.89127573374887,1271316
2023-04-04,186.4093041774816,186.48657432074353,186.00027033511807,186.47201240993317,959929
2023-04-05,178.18202768183676,179.15503036718525,177.70098451406432,178.35042279009176,1046368
2023-04-06,185.28393685055227,186.86462226718123,184.00659472793114,186.02031680611304,1229206
2023-04-07,180.84845621506983,181.95009229552605,179.50340696024233,180.57834342490943,844525
2023-04-08,181.35729262500288,182.21140400205798,181.55405506434377,181.74722876922232,1311757
2023-04-09,185.48814860993724,186.35478143989778,184.4474227717991,185.3994361425271,693907
2023-04-10,178.7144197088035,178.5615395223695,176.9920257592076,177.97614523189475,1325928
2023-04-11,184.5052476720145,185.63490936598728,184.32392046189042,184.8451352102986,925464
2023-04-12,183.29823174635789,185.23638212488825,183.47868350525727,184.23054424116222,951460
2023-04-13,187.60993374710878,188.55288396208277,187.64396560552314,187.71730963325896,621997
2023-04-14,185.6911044758314,185.44232064053332,184.48489281724227,185.28312599030804,909041
2023-04-15,188.89685095783767,188.68038452267353,188.02905814616472,188.15988609001602,792038
2023-04-16,182.48229161246647,184.00741007353918,181.48972318386743,182.93213988929287,878470
2023-04-17,176.3880881797383,177.00165330365584,175.50569774818587,176.2130384211225,972537
2023-04-18,174.84745954196126,175.53293334439198,174.9455977375785,175.01032781311315,1191558
2023-04-19,179.08508263176972,179.9723930930073,179.05527094932745,179.12303821400317,1041520
2023-04-20,181.50595436442634,180.96923826257287,178.77035322442896,180.5510762896597,1061535
2023-04-21,179.3761637332238,181.14684005969576,178.67016965991996,179.91698350879994,780896
2023-04-22,178.37752463862648,179.0431400297273,177.8363475821396,178.28704764838815,823849
2023-04-23,179.12059678519793,180.05602639550222,177.62079857266392,178.9532063998005,1359745
2023-04-24,182.57045778949558,182.6779276603481,180.10584675925156,182.17485186369265,852959
2023-04-25,196.2702553834301,196.84564398515315,195.83502238969896,196.2318005621694,1331241
2023-04-26,184.68088754507093,185.21018154159967,184.11366677883754,184.56717550909028,951387
2023-04-27,184.5673795655291,185.24960063856196,184.18585593822186,184.71206399602823,1000457
2023-04-28,181.50028363406958,181.6388675317362,181.22533844343576,181.40264295720385,1214073
2023-04-29,187.5874317131215,188.2220242022045,187.62350299979585,187.716277265807,1254378
2023-04-30,182.02119920444812,182.71195364109425,181.3989104611597,181.79520163035986,977837
2023-05-01,184.36622704956136,186.31316306059875,182.16658507154492,184.50261519676897,922351
2023-05-02,176.434230757602,176.6094829320893,175.70001563837812,176.3012642052475,988815
2023-05-03,177.52144644402503,178.92084815577198,177.41983363125945,177.53183660614056,1067591
2023-05-04,177.32521862015722,177.01110647353968,176.72995295592375,176.9267617712356,1178260
2023-05-05,189.49552252684126,189.76463923649916,187.57544682158155,189.5150022901284,1000845
2023-05-06,176.79045622333715,178.02206382733578,176.82086502732372,177.4195976375523,1123777
2023-05-07,186.35437160458125,186.1659554570639,185.51059711909593,185.88522647666923,1327671
2023-05-08,186.95588556907126,187.6036840150442,185.4301226159251,187.29516412896518,1076261
2023-05-09,184.57041601056008,185.4883564997239,184.04318898828421,184.8120638231677,1062330
2023-05-10,185.50756294905793,186.03997556634684,185.21796456657265,185.72882589460505,696217
2023-05-11,187.61454003949342,187.39598894051684,186.9626822385977,187.10022468739106,473853
2023-05-12,184.98333246398315,186.2127453941889,184.99590510130764,185.77685012069708,1077675
2023-05-13,185.96144606842947,186.22060526905875,184.60971208780333,184.80172339522704,981035
2023-05-14,187.65749381076205,187.97056395797202,186.0516773639111,187.26197524269364,897043
2023-05-15,189.18194553445463,189.67659932846823,188.59435891404155,189.0975176854294,1048706
2023-05-16,181.03095560280693,181.97118944753558,180.5010226821376,181.05083281186285,987919
2023-05-17,182.05042011062707,182.16855692701014,181.87625847854906,181.94650897653833,1225556
2023-05-18,184.31293034434475,184.157217638259,183.72899727894026,184.1210311466111,1017222
2023-05-19,195.59286301738678,195.47215271392514,194.9323259619321,195.3407891738932,850615
2023-05-20,181.88546735842692,181.98686331066614,180.07021808410767,181.68357894270682,1198033
2023-05-21,189.94740606766902,191.27255945200807,188.90309777730752,189.9133809275831,956573
2023-05-22,188.983145785826,190.08034449166317,188.81901200171112,189.05776250622563,1105307
2023-05-23,179.36049351124822,180.59193239112042,178.1727473076409,179.41477483549886,904517
2023-05-24,183.76026351461076,184.40370585972616,183.42363507681006,183.83192424306705,870034
2023-05-25,186.65230845114095,187.46746080808595,185.204527379189,186.23002438556657,1016833
2023-05-26,180.00289595893483,180.13718595315257,179.3700658064786,179.78946546728804,1002565
2023-05-27,179.53962047711664,181.5868634334339,179.38604554949302,180.60169884247156,1095965
2023-05-28,179.2781654403352,180.84471383324131,178.57576878987123,179.04329616635926,946270
2023-05-29,176.05808339111337,176.8903511865522,175.90338002826607,175.98954032432724,632728
2023-05-30,176.46396742679747,176.69054866718278,174.46548125874932,176.47057051664478,913445
2023-05-31,176.06599528528233,177.1236496097405,175.41965680378902,176.2029114504553,1158763
2023-06-01,182.4914852970416,182.21403105621775,181.5597806215226,182.08212363452233,940524
2023-06-02,177.90450058086063,177.5892219014716,176.43484571148923,177.56799982354258,950723
2023-06-03,181.46117914339743,182.06144179637175,180.5714092659138,181.74210797651392,1197275
2023-06-04,177.21841255549168,178.45845687753564,176.81509371352524,177.07425559403083,857605
2023-06-05,180.63275926959778,181.72508321244692,180.85278344215652,180.98446882556127,691439
2023-06-06,183.7761835389937,185.69662788202427,183.7188016247512,184.28466849127906,967873
2023-06-07,172.9208523865595,173.57059640322922,173.0158221353337,173.13786935646849,903165
2023-06-08,183.5459351769745,184.51187630383615,181.7744828462943,183.22990263302242,806750
2023-06-09,185.54224900912155,185.52965546988608,184.54532676774983,185.18923201877945,964924
2023-06-10,173.44035707998285,175.08183993801347,172.27408981567888,173.26256009311783,1098301
2023-06-11,180.83475582489578,181.1376394938734,180.47221318440592,180.5728905405959,998142
2023-06-12,176.9079917145141,177.50776302766587,176.01425722128792,176.72554793327083,1061396
2023-06-13,173.5088431483217,174.24628970707366,173.39495567393658,173.73173456878575,1362681
2023-06-14,174.81095615058652,174.7679711512332,174.29886618101924,174.66007690085058,931424
2023-06-15,178.84413012405855,180.30294566560647,178.13185271709406,178.558290610832,1055669
2023-06-16,174.25057330268848,174.42806741065846,172.8962047955244,173.98809787525238,898157
2023-06-17,176.35247049670312,176.86561954167428,175.8218355418762,175.9341296182992,830728
2023-06-18,169.17934377828618,170.19158328253027,168.46647671053458,168.94002204316735,883018
2023-06-19,171.98443273967266,173.55011720777796,169.34630197515662,171.8636304099743,904248
2023-06-20,167.35946905060896,167.00512044012203,165.28778199204805,167.00203451653456,1071895
2023-06-21,170.23958786776592,171.10961920436478,169.3218106369549,170.2486182832505,1469815
2023-06-22,166.97644007308878,168.39341821109235,166.95674313510906,167.27146500280818,856791
2023-06-23,170.26121408389952,170.9490477026461,170.30073415996955,170.31676015787488,916674
2023-06-24,176.19966265154267,176.89074904753045,175.42879188994286,176.46255750312943,987375
2023-06-25,177.94474355264657,179.28197639169892,176.67459238253784,178.18535731700456,1079159
2023-06-26,174.6778092926003,176.2004108050562,173.0707620415473,174.72831229946007,1052710
2023-06-27,170.1170716511838,170.86664613775866,170.25361497245967,170.38710792839188,1256819
2023-06-28,176.35285616171325,177.23780988645905,175.55847391169152,176.4615428950581,514721
2023-06-29,176.68256259555798,179.11631239428417,177.1988045195118,177.35424379013298,522614
2023-06-30,172.63302897635643,173.01753744429027,171.40609448652324,172.55941730064012,900824
2023-07-01,181.79845013116596,182.10264873663994,181.4236684766141,181.79801182511767,1219460
2023-07-02,174.92728653511995,175.5135278939294,175.09803876248267,175.21361664345534,686870
2023-07-03,176.00590306143351,177.14005247857992,175.37465768595916,175.77414637219695,398473
2023-07-04,173.6530902999999,174.06816590831707,173.13858208487824,173.3280758441524,1114235
2023-07-05,174.99446493558798,175.92307451448008,175.47867781128363,175.55890784375214,1048731
2023-07-06,174.48925476435383,175.16064784884782,174.68516602941597,174.75583597695118,781958
2023-07-07,180.3795154640491,180.696724244445,180.6102135862216,180.65741800603243,802892
2023-07-08,182.23471535124457,183.08744624601883,181.60971110068022,182.57792646981056,806051
2023-07-09,177.78901612206943,179.73947736009978,176.85822924009744,177.49456157525665,1022107
2023-07-10,175.14610293243337,175.4738739821161,174.0886391497662,175.21402504830127,874736
2023-07-11,172.8446499112393,173.14480467908916,172.0906400361033,172.93613826157755,1098812
2023-07-12,180.25300837706462,182.019862637978,179.07293743746058,180.9783196641618,429074
2023-07-13,176.67941313965082,176.7960112785454,175.43738266311306,176.45516754968148,828629
2023-07-14,171.89940446601003,172.5026977041292,171.13199480954503,172.3265186357605,774789
2023-07-15,182.5701178136638,184.15053158752022,182.27242395524638,182.54823662172134,948731
2023-07-16,195.13711847502674,196.56284715611977,192.4904902778976,195.0289254227327,892390
2023-07-17,188.46722280685617,188.3934897742318,187.61618366987466,187.9557356322059,1159568
2023-07-18,190.43965108022778,191.08346636345206,190.87818555983932,190.93946200596827,628132
2023-07-19,189.80889885381893,191.03272968269727,189.99719385008157,190.96212376181927,1009098
2023-07-20,189.97821065395115,190.33725111554514,189.4191600585039,189.90838151497826,1111667
2023-07-21,190.76769799804288,190.26855899838554,188.6288820974242,190.08320412913903,1371329
2023-07-22,184.45402140190748,184.69570614366333,183.386367215098,183.9980938672183,903646
2023-07-23,182.8084069562911,183.76478086458422,181.88704782771185,182.7317840782872,1064891
2023-07-24,182.46562817625295,183.21389430976623,181.18624892860694,182.64521817302597,639227
2023-07-25,179.78592941750182,180.0611693473631,179.20268677983512,179.49617857402754,521608
2023-07-26,188.99941722918612,190.12969335924782,189.16602492403786,189.3681344845312,1168954
2023-07-27,186.25698724274667,186.91274359276886,185.61804322015252,186.07970621519644,998887
2023-07-28,184.04529802437838,184.44003471392028,183.36731199610742,183.85942711660059,1235702
2023-07-29,191.14615191056026,190.98314527024104,190.25387794022413,190.74169943153927,725319
2023-07-30,182.34433437927768,182.08726191339264,179.5888044085726,181.34344187953062,1103980
2023-07-31,185.74053421891315,185.62606503384814,184.83810939015316,185.59487343538802,1373763
2023-08-01,187.1545283803615,187.7711999065124,187.30018643477854,187.34523219763815,1083941
2023-08-02,188.76224764667472,189.25934010323078,188.59903475499476,188.77190306983908,1055316
2023-08-03,188.48310759496292,189.33816793742628,188.81502952977775,189.1523573504462,1001711
2023-08-04,188.010519543819,188.46589770437848,187.1607009802846,188.27210975755182,685823
2023-08-05,190.75687523753135,191.62580815599642,190.3143381064267,190.91315003656098,1271114
2023-08-06,194.46273225383567,194.83883773624183,194.62276065774483,194.66677745288843,877828
2023-08-07,196.4516938843098,197.91253144746483,196.3415771198565,196.39185137354085,1100896
2023-08-08,194.58025575832727,195.37946780440626,194.41184562933708,194.900836423753,687393
2023-08-09,190.91197502933778,190.75621860264823,189.1777264215199,190.4848962087136,764108
2023-08-10,190.794599920364,191.03890937237696,190.48641207824627,190.79452090666027,1287017
2023-08-11,192.30015744450523,192.53593872094388,192.24507795946727,192.3037344174777,930539
2023-08-12,192.86287410493935,193.04903372682233,192.50672891014926,192.9894345367942,1290655
2023-08-13,193.20763343375717,193.61069908556667,192.63236567459916,193.14768399142835,984353
2023-08-14,194.75865954991758,195.28799484416277,193.25092993750982,194.43779896888756,631620
2023-08-15,195.16290747951268,196.1371106639245,194.64490383269208,195.5019587909092,1178413
2023-08-16,194.0586242593369,195.48338344883507,192.6510169701819,194.31438726398287,882021
2023-08-17,197.20403743558464,198.35200359469573,195.5996499668739,197.32390224600843,1139737
2023-08-18,197.37414864053974,198.388966833468,197.47664292737028,197.90686282500369,1005042
2023-08-19,188.69046165335934,189.33270725001546,188.55085902493556,189.000141355948,691376
2023-08-20,192.49302641983488,193.4183404875365,191.91011368530926,192.67653959983446,1032858
2023-08-21,194.3056921036049,195.22350369217685,193.55489669940576,193.9664877070611,1439244
2023-08-22,189.157555717301,189.48944402097686,187.84875895736215,189.05827693240062,1098597
2023-08-23,197.00706808252048,197.1094629081162,194.74802067834003,196.93082044237053,988496
2023-08-24,202.54454327839457,202.80201549195752,201.69216328984336,202.20043939473368,1215068
2023-08-25,199.1065610358149,199.7163647599467,196.678464286738,199.16127931805457,1042133
2023-08-26,195.5375490984579,195.788435004299,194.4415852449948,195.38496717468544,1041906
2023-08-27,204.8741762817569,205.86595873545045,203.24726477447928,204.916479958289,781674
2023-08-28,200.55023856290646,200.47536699973324,199.86078488010722,200.44385805671314,1046769
2023-08-29,202.02262892137972,203.11637348734158,201.07122933852682,202.25836454740846,1207088
2023-08-30,198.64774305444865,200.19346630857552,199.42386030336314,199.62142335934533,832787
2023-08-31,198.35725472192448,200.18221319486892,196.35906746275668,198.41053952395688,1284899
2023-09-01,195.08833826493728,194.88459265896452,192.75316063570955,194.5347902444834,981658
2023-09-02,200.0833338091815,200.0140544147535,198.66357532258797,199.71337859460544,822446
2023-09-03,201.35113326616664,201.1478344802651,199.45847201984554,200.9631146953217,1199526
2023-09-04,200.68204724870117,202.88268575212606,198.32769179567478,200.1871323199592,942641
2023-09-05,202.48138164862206,202.7995621687384,202.3407890687984,202.44548499062148,1151902
2023-09-06,203.19263191788014,204.13215743639046,201.85414203366716,203.1124773535763,941648
2023-09-07,206.82188349518273,207.1765299249251,204.90767522038402,207.07768734736726,988034
2023-09-08,197.24112688608054,199.1187430879141,195.79244817212737,197.36589088771092,1098712
2023-09-09,193.3878917047438,193.22785850149137,192.4943261669342,193.15001928583587,1058179
2023-09-10,209.243359286949,209.6102235541383,207.89285236490613,208.74075978273854,600893
2023-09-11,200.09785071579893,201.06976570928802,200.10460507102795,200.15367208407093,775751
2023-09-12,205.01353057256733,205.76211031835757,205.03375863481688,205.19828670424764,1185881
2023-09-13,199.65064874929806,199.7669997659861,199.32016489557506,199.6504379348642,973572
2023-09-14,198.10184872209877,198.49270433194383,196.4284301893148,197.86393445656884,895253
2023-09-15,210.555344610469,213.0010520281731,210.23661712402827,211.1651281851281,728285
2023-09-16,213.68968548594967,215.02036816205202,213.51912179192328,214.67555331922125,784052
2023-09-17,211.80966164367504,213.9860424836136,210.58375363957896,212.04313676461646,595640
2023-09-18,201.80390033192245,203.12130072874515,201.98106548893622,202.29779519658547,979743
2023-09-19,208.70953618167317,209.42543075658116,208.20414405359392,208.92185937150094,880312
2023-09-20,212.4172271229287,212.87177000251262,210.921974642293,212.48002785544634,806682
2023-09-21,204.36500507992386,204.9531864255191,203.4135583065833,204.55042939329883,986375
2023-09-22,214.2160770490747,215.654307577138,213.5573347833902,213.59559571251796,1072794
2023-09-23,209.34098467700318,209.49598986292528,208.6483590636063,209.2042718758674,1418639
2023-09-24,214.74943408926768,215.52739915492774,212.93798465846976,214.62045819979377,697623
2023-09-25,212.4488032473279,212.23663368846672,211.81692464076596,212.1847575033765,1231876
2023-09-26,206.08440333659487,208.0061103867791,203.96099524193198,206.55486638154304,1194620
2023-09-27,213.89033549113236,213.50267322991073,211.48295240326053,213.44674543280095,844181
2023-09-28,204.2936602722555,206.0655748618032,204.29164267242433,204.3246212905629,1040647
2023-09-29,206.6098021783178,207.61949274045205,205.67229136308015,206.33311746640547,908473
2023-09-30,202.12964515825377,202.62668315219875,202.439228294313,202.56388428730588,1037137
2023-10-01,201.2278298617509,202.81537255395762,201.74092074738056,201.8550981180829,1301826
2023-10-02,197.66221629743796,197.70104396862519,196.05747959831115,197.33941256811758,1121121
2023-10-03,199.50540166641838,201.05370253522483,199.12328679911585,199.35532318097125,1101721
2023-10-04,209.78815419641703,211.13878039282937,209.37208243170767,210.1673177076437,913938
2023-10-05,196.61865492788525,198.5003772646675,194.80458634134203,196.96123475650526,703188
2023-10-06,193.34112742718116,193.17119491970263,191.75469358905204,192.90691911333232,958306
2023-10-07,204.0379609029047,204.77337854080338,203.544421772677,204.52448862120204,1241321
2023-10-08,197.78492304765524,197.4328053616341,197.08633744404872,197.13725896090705,694566
2023-10-09,189.49132217182878,191.64059996746062,189.61582773626117,189.83325770786368,788982
2023-10-10,196.38487538201585,197.72898689947345,195.08090019372867,196.13445407838137,1025253
2023-10-11,189.07503958975133,191.2983477350441,188.98716378971838,189.19938841902112,803069
2023-10-12,200.03885909656046,199.9567124572969,198.8947242996596,199.79782801932285,841495
2023-10-13,198.75244986599037,199.26307398019858,198.6730248342237,198.96897347489832,915280
2023-10-14,196.41629322454713,197.9702160566417,195.19136985171602,196.48026441100578,726876
2023-10-15,206.28846418817636,207.7948312742348,205.94073836410715,206.27158326198705,805175
2023-10-16,192.63960901776244,194.15356854041121,192.83922066089363,193.02650650466703,1140685
2023-10-17,203.6888090834269,203.6079074759764,202.09588782269543,203.38746031911177,738526
2023-10-18,201.403014862295,202.71608834205978,201.32068700691792,201.60995278810813,680425
2023-10-19,205.44516169056516,206.14431003637716,204.68413768093623,205.5391341478957,873995
2023-10-20,206.00878383754173,207.28342520184114,205.7605202856889,206.41928962062454,1146391
2023-10-21,199.5643010374051,201.20194507715115,199.7744794463734,200.5922696860264,960615
2023-10-22,196.99241630954305,197.5989254907037,196.01710474950403,197.06770711588524,907083
2023-10-23,201.6482398505869,201.2300456152089,198.54791824410103,200.6799129450287,1008871
2023-10-24,195.30696676864108,195.8134741787796,193.7029075352922,195.00096957489558,650858
2023-10-25,205.49374840128363,206.63692019646152,203.52847089093768,205.50166448147155,1098941
2023-10-26,196.83361044584072,197.1543203980437,195.7329890519545,196.93715639053158,1076687
2023-10-27,193.50949089995896,194.67917689441524,193.43185827682015,193.50079656364966,918138
2023-10-28,196.03191119768942,196.32010455467562,194.5511819970007,195.81764004976995,1201184
2023-10-29,188.86688927138877,189.99353841959558,188.65545419067004,189.31397801410108,774500
2023-10-30,194.1353168014308,193.92688778066312,192.81439790422485,193.70362050809467,1225581
2023-10-31,197.12565781292685,198.00513001086725,195.62399724454463,196.84402074393378,1030898
2023-11-01,192.1321769322326,192.0428037399618,191.4765031963302,191.85659958981606,932689
2023-11-02,192.95823238720735,193.3012274467038,191.75930584185895,192.78916564352724,996025
2023-11-03,194.86206595983066,195.32584869880637,194.26584304356786,194.85442117486994,978547
2023-11-04,196.95143693250355,197.77078246040324,194.42127504165583,196.68675115154733,1244056
2023-11-05,194.41173611146647,194.8434353403705,192.74549050097627,194.18189692922758,784664
2023-11-06,192.28924960548605,192.81863486153063,191.2139595840876,192.4255025289231,847496
2023-11-07,184.1309300033707,184.62611904205048,183.28571991284429,184.34240826777565,1207260
2023-11-08,179.80482394081898,180.5219582043121,178.89329007227516,179.7682028945135,880893
2023-11-09,194.88677689904014,195.14621798615138,193.30652065794683,194.28487452749255,1180106
2023-11-10,188.89179980875596,189.86744504409344,189.0428132484379,189.36107710975625,1339887
2023-11-11,191.71059460067193,193.4564419478581,192.05624132859623,192.27493123980238,919640
2023-11-12,200.05044979009955,200.62180906127602,199.16067870433656,199.9845505445355,1136272
2023-11-13,194.84865602502902,195.2753619618641,194.12831098705752,194.82882724248168,769261
2023-11-14,193.59753030955875,195.54995278344606,191.54693138506198,193.5304365336086,1150946
2023-11-15,201.36957329550393,201.8597057688187,201.27068454641272,201.27137170595373,1039884
2023-11-16,188.105432359921,188.21866579104042,187.45349793617933,188.18944097496913,1094607
2023-11-17,196.4013305730482,196.7085081119297,195.0434858016369,195.81784687168835,870885
2023-11-18,191.56628405869967,193.0815092022827,191.43224569107116,192.18161267534364,667783
2023-11-19,192.1273864469089,193.08882718913316,191.40514907209436,192.44626876911946,1100650
2023-11-20,198.91716602467451,199.2489235715597,197.61570617267884,198.95825279801917,587319
2023-11-21,195.50116746379607,196.32949553350792,195.73856441986567,196.14577655457532,936529
2023-11-22,195.70820945333216,197.96803769114447,195.74375703849637,195.7770659720081,1188236
2023-11-23,201.13816217267663,202.59771072475036,200.36037021540992,200.472005659742,1038379
2023-11-24,192.9526008404812,193.52999758855742,192.77176561434393,192.9445409726876,1389668
2023-11-25,192.67097590807708,193.02282943090376,192.20097911061805,192.58211816990305,1205021
2023-11-26,192.73097116200935,195.8722802371208,192.54858322887745,193.21794405219669,869220
2023-11-27,189.03791155926322,189.7441532504068,188.5760017624675,189.27123052355697,1005462
2023-11-28,205.96662834464968,206.66365473845693,205.1053244618931,206.12130027619227,990525
2023-11-29,191.3542304725384,192.8050661689695,191.20385577511883,191.47590004075425,683564
2023-11-30,197.60245065051035,197.47666742731968,195.91981148183686,197.09723375719574,811920
2023-12-01,197.06683820082216,197.22422996224864,195.96673394657694,196.84727826598814,887847
2023-12-02,198.01912533206706,198.60045552178423,197.0979954638456,198.46028585977675,592755
2023-12-03,203.06368896895955,205.12576345213492,202.606937786524,202.96362596166466,1009498
2023-12-04,202.28675978031865,202.86161039131605,200.08654096867627,202.08539310452227,950185
2023-12-05,194.3826244313225,194.14925295327356,193.89486968563034,193.94038254993302,665421
2023-12-06,193.46678746367348,193.3472665253452,191.02716062403982,192.85715031812663,1080842
2023-12-07,195.81778233963604,200.0680940632064,195.2861788224123,196.216138063819,1143174
2023-12-08,191.68770576942146,193.99981231909035,191.19812729240607,191.99907355129045,1045406
2023-12-09,202.7011849818071,204.96469337550727,202.43599431998442,203.2122955488901,935186
2023-12-10,194.94740692471143,195.31900972165357,193.534162825797,195.03869277952077,1118288
2023-12-11,200.04712883373668,200.14784419898137,199.2284010323207,199.8607153970402,1136044
2023-12-12,200.8446731542503,200.4944673983155,199.85107330188686,200.44885301147247,1061480
2023-12-13,202.6962741764716,203.15708977507924,202.08413427974497,202.72706883326745,835077
2023-12-14,198.0289632683086,198.7203007804351,197.92192848590756,198.15572250243096,1055320
2023-12-15,193.6033912515095,193.8635206174608,192.8244815529662,193.54464735732262,1239096
2023-12-16,200.3444782460657,202.2020002397987,200.25669200491532,200.6796706509569,880674
2023-12-17,199.9697308732562,199.88486212531524,198.87185198799193,199.13751975631004,1419587
2023-12-18,199.68634670899468,200.74735581062347,199.9907910649747,200.33047369921533,894873
2023-12-19,205.71306573124838,206.7990075356284,205.25659525414002,205.63708670236872,1006481
2023-12-20,208.88256837829385,208.50868862805865,207.91187684416892,208.04058393927053,865502
2023-12-21,203.4792259354649,204.75546007252515,203.0106953974364,203.4764587188831,1044654
2023-12-22,205.68545913438473,206.31442793978823,205.2524126165106,205.76366539120335,651555
2023-12-23,208.29242523340875,208.81502104773674,208.25116341149206,208.44143810936117,890791
2023-12-24,200.27209103175264,201.07658682802617,199.35270958710743,200.34437194812736,781575
2023-12-25,212.43555295366508,212.65670981069934,211.81678395120218,211.8538664388752,1027067
2023-12-26,203.60693146565248,205.21260599545968,203.68233889417624,204.511634455002,1198889
2023-12-27,195.83807125147138,197.0439036684869,194.15176997655325,195.2392982120797,1129201
2023-12-28,205.38401880074932,206.15141049508938,205.70422246822417,205.97060543435478,525668
2023-12-29,205.5669111822406,206.3642327031888,205.45782150252347,205.67659947087645,1408413
2023-12-30,208.6253281287623,208.90696929369943,207.98724640960634,208.8045845344507,1059055
2023-12-31,205.47867887638745,206.56689773885827,204.79467815913245,205.23709295211705,844700
